source,title,author,isbn,price,rating,rating_count,format
Amazon Bestsellers,"A Court of Mist and Fury: The second book in the GLOBALLY BESTSELLING, SENSATIONAL series (A Court of Thorns and Roses 2)",Sarah J. Maas,,₹335.30,4.7 out of 5 stars,276250,Kindle Edition
Amazon Bestsellers,"A Court of Mist and Fury: The second book in the GLOBALLY BESTSELLING, SENSATIONAL series (A Court of Thorns and Roses 2)",Sarah J. Maas,,₹335.30,4.7 out of 5 stars,276249,Kindle Edition
Amazon Bestsellers,The Fault in Our Stars,John Green,,₹274.00,4.5 out of 5 stars,156606,Paperback
Amazon Bestsellers,1984 (Deluxe Hardbound Edition),George Orwell,,₹439.00,4.5 out of 5 stars,135354,Hardcover
Amazon Bestsellers,1984 (Deluxe Hardbound Edition),George Orwell,,₹439.00,4.5 out of 5 stars,135354,Hardcover
Amazon Bestsellers,1984 (Deluxe Hardbound Edition),George Orwell,,₹439.00,4.5 out of 5 stars,135354,Hardcover
Amazon Bestsellers,Normal People,Sally Rooney,,₹360.00,4.1 out of 5 stars,130890,Paperback
Amazon Bestsellers,Icebreaker,HANNAH GRACE,,₹300.00,4.3 out of 5 stars,109989,Paperback
Amazon Bestsellers,Icebreaker,HANNAH GRACE,,₹300.00,4.3 out of 5 stars,109989,Paperback
Amazon Bestsellers,Icebreaker,HANNAH GRACE,,₹300.00,4.3 out of 5 stars,109989,Paperback
Amazon Bestsellers,Icebreaker,HANNAH GRACE,,₹300.00,4.3 out of 5 stars,109989,Paperback
Amazon Bestsellers,Icebreaker,HANNAH GRACE,,₹300.00,4.3 out of 5 stars,109989,Paperback
Amazon Bestsellers,Icebreaker,HANNAH GRACE,,₹300.00,4.3 out of 5 stars,109989,Paperback
Amazon Bestsellers,Icebreaker,HANNAH GRACE,,₹300.00,4.3 out of 5 stars,109989,Paperback
Amazon Bestsellers,Icebreaker,HANNAH GRACE,,₹300.00,4.3 out of 5 stars,109989,Paperback
Amazon Bestsellers,Icebreaker,HANNAH GRACE,,₹300.00,4.3 out of 5 stars,109989,Paperback
Amazon Bestsellers,Icebreaker,HANNAH GRACE,,₹300.00,4.3 out of 5 stars,109989,Paperback
Amazon Bestsellers,Icebreaker,HANNAH GRACE,,₹300.00,4.3 out of 5 stars,109989,Paperback
Amazon Bestsellers,Icebreaker,HANNAH GRACE,,₹300.00,4.3 out of 5 stars,109989,Paperback
Amazon Bestsellers,Icebreaker,HANNAH GRACE,,₹300.00,4.3 out of 5 stars,109989,Paperback
Amazon Bestsellers,Icebreaker,HANNAH GRACE,,₹300.00,4.3 out of 5 stars,109989,Paperback
Amazon Bestsellers,Icebreaker,HANNAH GRACE,,₹300.00,4.3 out of 5 stars,109989,Paperback
Amazon Bestsellers,Icebreaker,HANNAH GRACE,,₹300.00,4.3 out of 5 stars,109989,Paperback
Amazon Bestsellers,Icebreaker,HANNAH GRACE,,₹300.00,4.3 out of 5 stars,109989,Paperback
Amazon Bestsellers,Icebreaker,HANNAH GRACE,,₹300.00,4.3 out of 5 stars,109989,Paperback
Amazon Bestsellers,Icebreaker,HANNAH GRACE,,₹300.00,4.3 out of 5 stars,109989,Paperback
Amazon Bestsellers,Icebreaker,HANNAH GRACE,,₹300.00,4.3 out of 5 stars,109989,Paperback
Amazon Bestsellers,Icebreaker,HANNAH GRACE,,₹300.00,4.3 out of 5 stars,109989,Paperback
Amazon Bestsellers,Icebreaker,HANNAH GRACE,,₹300.00,4.3 out of 5 stars,109989,Paperback
Amazon Bestsellers,Icebreaker,HANNAH GRACE,,₹300.00,4.3 out of 5 stars,109989,Paperback
Amazon Bestsellers,Icebreaker,HANNAH GRACE,,₹300.00,4.3 out of 5 stars,109989,Paperback
Amazon Bestsellers,Icebreaker,HANNAH GRACE,,₹300.00,4.3 out of 5 stars,109989,Paperback
Amazon Bestsellers,Icebreaker,HANNAH GRACE,,₹300.00,4.3 out of 5 stars,109989,Paperback
Amazon Bestsellers,Icebreaker,HANNAH GRACE,,₹300.00,4.3 out of 5 stars,109989,Paperback
Amazon Bestsellers,Icebreaker,HANNAH GRACE,,₹300.00,4.3 out of 5 stars,109989,Paperback
Amazon Bestsellers,How to Win Friends and Influence People: Original Classic Edition | Premium Paperback,Dale Carnegie,,₹119.00,4.4 out of 5 stars,108255,Paperback
Amazon Bestsellers,How to Win Friends and Influence People: Original Classic Edition | Premium Paperback,Dale Carnegie,,₹119.00,4.4 out of 5 stars,108255,Paperback
Amazon Bestsellers,How to Win Friends and Influence People: Original Classic Edition | Premium Paperback,Dale Carnegie,,₹119.00,4.4 out of 5 stars,108255,Paperback
Amazon Bestsellers,How to Win Friends and Influence People: Original Classic Edition | Premium Paperback,Dale Carnegie,,₹119.00,4.4 out of 5 stars,108255,Paperback
Amazon Bestsellers,How to Win Friends and Influence People: Original Classic Edition | Premium Paperback,Dale Carnegie,,₹119.00,4.4 out of 5 stars,108255,Paperback
Amazon Bestsellers,How to Win Friends and Influence People: Original Classic Edition | Premium Paperback,Dale Carnegie,,₹119.00,4.4 out of 5 stars,108255,Paperback
Amazon Bestsellers,How to Win Friends and Influence People: Original Classic Edition | Premium Paperback,Dale Carnegie,,₹119.00,4.4 out of 5 stars,108255,Paperback
Amazon Bestsellers,How to Win Friends and Influence People: Original Classic Edition | Premium Paperback,Dale Carnegie,,₹119.00,4.4 out of 5 stars,108255,Paperback
Amazon Bestsellers,How to Win Friends and Influence People: Original Classic Edition | Premium Paperback,Dale Carnegie,,₹119.00,4.4 out of 5 stars,108255,Paperback
Amazon Bestsellers,The Ballad of Songbirds and Snakes (A Hunger Games Novel),Suzanne Collins,,₹838.00,4.6 out of 5 stars,100578,Paperback
Amazon Bestsellers,Untitled Panem Novel,Suzanne Collins,,"₹2,275.00",4.6 out of 5 stars,100578,Hardcover
Amazon Bestsellers,The Ballad of Songbirds and Snakes (A Hunger Games Novel),Suzanne Collins,,₹838.00,4.6 out of 5 stars,100578,Paperback
Amazon Bestsellers,The Ballad of Songbirds and Snakes (A Hunger Games Novel) (The Hunger Games),Suzanne Collins,,₹363.85,4.6 out of 5 stars,100578,Kindle Edition
Amazon Bestsellers,The Ballad of Songbirds and Snakes (A Hunger Games Novel),Suzanne Collins,,₹838.00,4.6 out of 5 stars,100578,Paperback
Amazon Bestsellers,Zodiac Academy 3: The Reckoning,Caroline Peckham,,₹449.00,4.6 out of 5 stars,96520,Kindle Edition
Amazon Bestsellers,The Hunger Games,Suzanne Collins,,₹499.00,4.6 out of 5 stars,91081,Paperback
Amazon Bestsellers,HUNGER GAMES01: 1 (The Hunger games),Suzanne Collins,,"₹1,749.00",4.6 out of 5 stars,91081,Hardcover
Amazon Bestsellers,The Hunger Games,Suzanne Collins,,₹499.00,4.6 out of 5 stars,91081,Paperback
Amazon Bestsellers,HUNGER GAMES01: 1 (The Hunger games),Suzanne Collins,,"₹1,749.00",4.6 out of 5 stars,91081,Hardcover
Amazon Bestsellers,The Hunger Games,Suzanne Collins,,₹499.00,4.6 out of 5 stars,91081,Paperback
Amazon Bestsellers,The Hunger Games,Suzanne Collins,,₹499.00,4.6 out of 5 stars,91081,Paperback
Amazon Bestsellers,The Hunger Games,Suzanne Collins,,₹499.00,4.6 out of 5 stars,91081,Paperback
Amazon Bestsellers,"The Hunger Games (Hunger Games Trilogy, Book 1)",Suzanne Collins,,₹275.50,4.6 out of 5 stars,91081,Kindle Edition
Amazon Bestsellers,The Hunger Games,Suzanne Collins,,₹499.00,4.6 out of 5 stars,91081,Paperback
Amazon Bestsellers,"The Hunger Games (Hunger Games Trilogy, Book 1)",Suzanne Collins,,₹275.50,4.6 out of 5 stars,91081,Kindle Edition
Amazon Bestsellers,The Hunger Games,Suzanne Collins,,₹499.00,4.6 out of 5 stars,91081,Paperback
Amazon Bestsellers,The Hunger Games,Suzanne Collins,,₹499.00,4.6 out of 5 stars,91081,Paperback
Amazon Bestsellers,"The Hunger Games (Hunger Games Trilogy, Book 1)",Suzanne Collins,,₹275.50,4.6 out of 5 stars,91081,Kindle Edition
Amazon Bestsellers,The Hunger Games,Suzanne Collins,,,4.6 out of 5 stars,91081,Paperback
Amazon Bestsellers,The Hunger Games,Suzanne Collins,,₹499.00,4.6 out of 5 stars,91081,Paperback
Amazon Bestsellers,The Hunger Games,Suzanne Collins,,₹499.00,4.6 out of 5 stars,91081,Paperback
Amazon Bestsellers,The Hunger Games,Suzanne Collins,,₹499.00,4.6 out of 5 stars,91081,Paperback
Amazon Bestsellers,The Hunger Games,Suzanne Collins,,₹499.00,4.6 out of 5 stars,91081,Paperback
Amazon Bestsellers,The Hunger Games,Suzanne Collins,,₹499.00,4.6 out of 5 stars,91081,Paperback
Amazon Bestsellers,The Hunger Games,Suzanne Collins,,₹499.00,4.6 out of 5 stars,91081,Paperback
Amazon Bestsellers,The Hunger Games,Suzanne Collins,,₹499.00,4.6 out of 5 stars,91081,Paperback
Amazon Bestsellers,The Hunger Games,Suzanne Collins,,₹499.00,4.6 out of 5 stars,91081,Paperback
Amazon Bestsellers,Mockingjay: TikTok made me buy it! The third book in the international No.1 bestselling series: 3 (The Hunger Games),Suzanne Collins,,₹420.00,4.5 out of 5 stars,88822,Paperback
Amazon Bestsellers,Mockingjay: TikTok made me buy it! The third book in the international No.1 bestselling series: 3 (The Hunger Games),Suzanne Collins,,₹420.00,4.5 out of 5 stars,88822,Paperback
Amazon Bestsellers,HUNGER GAMES03 MOCKINGJAY,Suzanne Collins,,"₹1,749.00",4.5 out of 5 stars,88822,Hardcover
Amazon Bestsellers,Mockingjay: TikTok made me buy it! The third book in the international No.1 bestselling series: 3 (The Hunger Games),Suzanne Collins,,₹420.00,4.5 out of 5 stars,88822,Paperback
Amazon Bestsellers,Mockingjay: TikTok made me buy it! The third book in the international No.1 bestselling series: 3 (The Hunger Games),Suzanne Collins,,₹420.00,4.5 out of 5 stars,88822,Paperback
Amazon Bestsellers,The Boys in the Boat,Daniel James Brown,,₹434.00,4.6 out of 5 stars,88492,Paperback
Amazon Bestsellers,The Boys in the Boat: Nine Americans and Their Epic Quest for Gold at the 1936 Berlin Olympics,Daniel James Brown,,₹935.00,4.6 out of 5 stars,88492,Paperback
Amazon Bestsellers,The Boys in the Boat,Daniel James Brown,,₹434.00,4.6 out of 5 stars,88492,Paperback
Amazon Bestsellers,The Boys in the Boat,Daniel James Brown,,₹434.00,4.6 out of 5 stars,88492,Paperback
Amazon Bestsellers,The Boys in the Boat,Daniel James Brown,,₹434.00,4.6 out of 5 stars,88492,Paperback
Amazon Bestsellers,The Boys in the Boat: Nine Americans and Their Epic Quest for Gold at the 1936 Berlin Olympics,Daniel James Brown,,₹935.00,4.6 out of 5 stars,88492,Paperback
Amazon Bestsellers,The Boys in the Boat,Daniel James Brown,,₹434.00,4.6 out of 5 stars,88492,Paperback
Amazon Bestsellers,The Boys in the Boat,Daniel James Brown,,₹434.00,4.6 out of 5 stars,88492,Paperback
Amazon Bestsellers,The Boys in the Boat,Daniel James Brown,,₹434.00,4.6 out of 5 stars,88492,Paperback
Amazon Bestsellers,The Boys in the Boat: Nine Americans and Their Epic Quest for Gold at the 1936 Berlin Olympics,Daniel James Brown,,₹935.00,4.6 out of 5 stars,88492,Paperback
Amazon Bestsellers,The Boys in the Boat,Daniel James Brown,,₹434.00,4.6 out of 5 stars,88492,Paperback
Amazon Bestsellers,The Boys in the Boat,Daniel James Brown,,₹434.00,4.6 out of 5 stars,88492,Paperback
Amazon Bestsellers,The Boys in the Boat: Nine Americans and Their Epic Quest for Gold at the 1936 Berlin Olympics,Daniel James Brown,,₹935.00,4.6 out of 5 stars,88492,Paperback
Amazon Bestsellers,The Boys in the Boat,Daniel James Brown,,₹434.00,4.6 out of 5 stars,88492,Paperback
Amazon Bestsellers,The Boys in the Boat,Daniel James Brown,,₹434.00,4.6 out of 5 stars,88492,Paperback
Amazon Bestsellers,The Boys in the Boat,Daniel James Brown,,₹434.00,4.6 out of 5 stars,88492,Paperback
Amazon Bestsellers,The Boys in the Boat,Daniel James Brown,,₹434.00,4.6 out of 5 stars,88492,Paperback
Amazon Bestsellers,The Boys in the Boat,Daniel James Brown,,₹434.00,4.6 out of 5 stars,88492,Paperback
Amazon Bestsellers,The Boys in the Boat,Daniel James Brown,,₹434.00,4.6 out of 5 stars,88492,Paperback
Amazon Bestsellers,The Boys in the Boat: Nine Americans and Their Epic Quest for Gold at the 1936 Berlin Olympics,Daniel James Brown,,₹935.00,4.6 out of 5 stars,88492,Paperback
Amazon Bestsellers,The Boys in the Boat,Daniel James Brown,,₹434.00,4.6 out of 5 stars,88492,Paperback
Amazon Bestsellers,The Boys in the Boat,Daniel James Brown,,₹434.00,4.6 out of 5 stars,88492,Paperback
Amazon Bestsellers,The Boys in the Boat,Daniel James Brown,,₹434.00,4.6 out of 5 stars,88492,Paperback
Amazon Bestsellers,The Boys in the Boat,Daniel James Brown,,₹434.00,4.6 out of 5 stars,88492,Paperback
Amazon Bestsellers,The Boys in the Boat,Daniel James Brown,,₹434.00,4.6 out of 5 stars,88492,Paperback
Amazon Bestsellers,The Boys in the Boat,Daniel James Brown,,₹434.00,4.6 out of 5 stars,88492,Paperback
Amazon Bestsellers,The Boys in the Boat,Daniel James Brown,,₹434.00,4.6 out of 5 stars,88492,Paperback
Amazon Bestsellers,The Boys in the Boat,Daniel James Brown,,₹434.00,4.6 out of 5 stars,88492,Paperback
Amazon Bestsellers,The Boys in the Boat,Daniel James Brown,,₹434.00,4.6 out of 5 stars,88492,Paperback
Amazon Bestsellers,The Boys in the Boat,Daniel James Brown,,₹434.00,4.6 out of 5 stars,88492,Paperback
Amazon Bestsellers,The Boys in the Boat,Daniel James Brown,,₹434.00,4.6 out of 5 stars,88492,Paperback
Amazon Bestsellers,The Boys in the Boat,Daniel James Brown,,₹434.00,4.6 out of 5 stars,88492,Paperback
Amazon Bestsellers,The Boys in the Boat,Daniel James Brown,,₹434.00,4.6 out of 5 stars,88492,Paperback
Amazon Bestsellers,The Boys in the Boat,Daniel James Brown,,₹434.00,4.6 out of 5 stars,88492,Paperback
Amazon Bestsellers,The Boys in the Boat,Daniel James Brown,,₹434.00,4.6 out of 5 stars,88492,Paperback
Amazon Bestsellers,The Boys in the Boat,Daniel James Brown,,₹434.00,4.6 out of 5 stars,88492,Paperback
Amazon Bestsellers,The Boys in the Boat,Daniel James Brown,,₹434.00,4.6 out of 5 stars,88492,Paperback
Amazon Bestsellers,The Boys in the Boat,Daniel James Brown,,₹434.00,4.6 out of 5 stars,88492,Paperback
Amazon Bestsellers,The Boys in the Boat,Daniel James Brown,,₹434.00,4.6 out of 5 stars,88492,Paperback
Amazon Bestsellers,ONE DARK WINDOW,Rachel Gillig,,₹460.00,4.5 out of 5 stars,85704,Paperback
Amazon Bestsellers,ONE DARK WINDOW,Rachel Gillig,,₹460.00,4.5 out of 5 stars,85704,Paperback
Amazon Bestsellers,Malibu Rising: From the Sunday Times bestselling author of CARRIE SOTO IS BACK,Taylor Jenkins Reid,,₹371.00,4.2 out of 5 stars,79844,Paperback
Amazon Bestsellers,Malibu Rising: From the Sunday Times bestselling author of CARRIE SOTO IS BACK,Taylor Jenkins Reid,,₹371.00,4.2 out of 5 stars,79844,Paperback
Amazon Bestsellers,Malibu Rising: From the Sunday Times bestselling author of CARRIE SOTO IS BACK,Taylor Jenkins Reid,,₹371.00,4.2 out of 5 stars,79844,Paperback
Amazon Bestsellers,Malibu Rising: From the Sunday Times bestselling author of CARRIE SOTO IS BACK,Taylor Jenkins Reid,,₹371.00,4.2 out of 5 stars,79844,Paperback
Amazon Bestsellers,Malibu Rising: From the Sunday Times bestselling author of CARRIE SOTO IS BACK,Taylor Jenkins Reid,,₹371.00,4.2 out of 5 stars,79844,Paperback
Amazon Bestsellers,Malibu Rising: From the Sunday Times bestselling author of CARRIE SOTO IS BACK,Taylor Jenkins Reid,,₹371.00,4.2 out of 5 stars,79844,Paperback
Amazon Bestsellers,Malibu Rising: From the Sunday Times bestselling author of CARRIE SOTO IS BACK,Taylor Jenkins Reid,,₹371.00,4.2 out of 5 stars,79844,Paperback
Amazon Bestsellers,Malibu Rising: From the Sunday Times bestselling author of CARRIE SOTO IS BACK,Taylor Jenkins Reid,,₹371.00,4.2 out of 5 stars,79844,Paperback
Amazon Bestsellers,Malibu Rising: From the Sunday Times bestselling author of CARRIE SOTO IS BACK,Taylor Jenkins Reid,,₹371.00,4.2 out of 5 stars,79844,Paperback
Amazon Bestsellers,Malibu Rising: From the Sunday Times bestselling author of CARRIE SOTO IS BACK,Taylor Jenkins Reid,,₹371.00,4.2 out of 5 stars,79844,Paperback
Amazon Bestsellers,Malibu Rising: From the Sunday Times bestselling author of CARRIE SOTO IS BACK,Taylor Jenkins Reid,,₹371.00,4.2 out of 5 stars,79844,Paperback
Amazon Bestsellers,Malibu Rising: From the Sunday Times bestselling author of CARRIE SOTO IS BACK,Taylor Jenkins Reid,,₹371.00,4.2 out of 5 stars,79844,Paperback
Amazon Bestsellers,Malibu Rising: From the Sunday Times bestselling author of CARRIE SOTO IS BACK,Taylor Jenkins Reid,,₹371.00,4.2 out of 5 stars,79844,Paperback
Amazon Bestsellers,Malibu Rising: From the Sunday Times bestselling author of CARRIE SOTO IS BACK,Taylor Jenkins Reid,,₹371.00,4.2 out of 5 stars,79844,Paperback
Amazon Bestsellers,Malibu Rising: From the Sunday Times bestselling author of CARRIE SOTO IS BACK,Taylor Jenkins Reid,,₹371.00,4.2 out of 5 stars,79844,Paperback
Amazon Bestsellers,Malibu Rising: From the Sunday Times bestselling author of CARRIE SOTO IS BACK,Taylor Jenkins Reid,,₹371.00,4.2 out of 5 stars,79844,Paperback
Amazon Bestsellers,Malibu Rising: From the Sunday Times bestselling author of CARRIE SOTO IS BACK,Taylor Jenkins Reid,,₹371.00,4.2 out of 5 stars,79844,Paperback
Amazon Bestsellers,Malibu Rising: From the Sunday Times bestselling author of CARRIE SOTO IS BACK,Taylor Jenkins Reid,,₹371.00,4.2 out of 5 stars,79844,Paperback
Amazon Bestsellers,Malibu Rising: From the Sunday Times bestselling author of CARRIE SOTO IS BACK,Taylor Jenkins Reid,,₹371.00,4.2 out of 5 stars,79844,Paperback
Amazon Bestsellers,Malibu Rising: From the Sunday Times bestselling author of CARRIE SOTO IS BACK,Taylor Jenkins Reid,,₹371.00,4.2 out of 5 stars,79844,Paperback
Amazon Bestsellers,Sunrise on the Reaping (The Hunger Games),Suzanne Collins,,"₹2,004.09",4.7 out of 5 stars,77996,Hardcover
Amazon Bestsellers,Sunrise on the Reaping (Hunger Games),Suzanne Collins,,"₹2,736.00",4.7 out of 5 stars,77996,Hardcover
Amazon Bestsellers,Sunrise on the Reaping (Hunger Games),Suzanne Collins,,"₹2,736.00",4.7 out of 5 stars,77996,Hardcover
Amazon Bestsellers,Sunrise on the Reaping (The Hunger Games),Suzanne Collins,,"₹2,004.09",4.7 out of 5 stars,77996,Hardcover
Amazon Bestsellers,Sunrise on the Reaping (The Hunger Games),Suzanne Collins,,"₹2,004.09",4.7 out of 5 stars,77996,Hardcover
Amazon Bestsellers,Sunrise on the Reaping (The Hunger Games),Suzanne Collins,,"₹2,004.09",4.7 out of 5 stars,77996,Hardcover
Amazon Bestsellers,We Were Liars: The award-winning YA book TikTok can’t stop talking about!,Emily Lockhart,,₹300.00,4.3 out of 5 stars,76964,Paperback
Amazon Bestsellers,We Were Liars: The award-winning YA book TikTok can’t stop talking about!,Emily Lockhart,,₹300.00,4.3 out of 5 stars,76964,Paperback
Amazon Bestsellers,We Were Liars: The award-winning YA book TikTok can’t stop talking about!,Emily Lockhart,,₹300.00,4.3 out of 5 stars,76964,Paperback
Amazon Bestsellers,We Were Liars: The award-winning YA book TikTok can’t stop talking about!,Emily Lockhart,,₹300.00,4.3 out of 5 stars,76964,Paperback
Amazon Bestsellers,Letters Of Enchantment (1) — Divine Rivals: the global sensation and no. 1 SUNDAY TIMES bestselling romantasy: Book 1,Rebecca Ross,,₹315.00,4.3 out of 5 stars,76839,Paperback
Amazon Bestsellers,Letters Of Enchantment (1) — Divine Rivals: the global sensation and no. 1 SUNDAY TIMES bestselling romantasy: Book 1,Rebecca Ross,,₹315.00,4.3 out of 5 stars,76839,Paperback
Amazon Bestsellers,Letters Of Enchantment (1) — Divine Rivals: the global sensation and no. 1 SUNDAY TIMES bestselling romantasy: Book 1,Rebecca Ross,,₹315.00,4.3 out of 5 stars,76839,Paperback
Amazon Bestsellers,Divergent - Divergent Trilogy (1) Â10Th Anniversary Editionã,Veronica Roth,,₹323.00,4.5 out of 5 stars,76662,Paperback
Amazon Bestsellers,Divergent - Divergent Trilogy (1) Â10Th Anniversary Editionã,Veronica Roth,,₹323.00,4.5 out of 5 stars,76662,Paperback
Amazon Bestsellers,Divergent - Divergent Trilogy (1) Â10Th Anniversary Editionã,Veronica Roth,,₹323.00,4.5 out of 5 stars,76662,Paperback
Amazon Bestsellers,Divergent - Divergent Trilogy (1) Â10Th Anniversary Editionã,Veronica Roth,,₹323.00,4.5 out of 5 stars,76662,Paperback
Amazon Bestsellers,Catching Fire: 2 (The Hunger Games),Suzanne Collins,,₹470.00,4.6 out of 5 stars,76246,Paperback
Amazon Bestsellers,Catching Fire: 2 (The Hunger Games),Suzanne Collins,,₹470.00,4.6 out of 5 stars,76246,Paperback
Amazon Bestsellers,CATCHING FIRE,Suzanne Collins,,"₹1,880.00",4.6 out of 5 stars,76246,Hardcover
Amazon Bestsellers,Catching Fire: 2 (The Hunger Games),Suzanne Collins,,₹470.00,4.6 out of 5 stars,76246,Paperback
Amazon Bestsellers,"Catching Fire (Hunger Games Trilogy, Book 2)",Suzanne Collins,,₹345.80,4.6 out of 5 stars,76246,Kindle Edition
Amazon Bestsellers,Catching Fire: 2 (The Hunger Games),Suzanne Collins,,₹470.00,4.6 out of 5 stars,76246,Paperback
Amazon Bestsellers,Catching Fire: 2 (The Hunger Games),Suzanne Collins,,₹470.00,4.6 out of 5 stars,76246,Paperback
Amazon Bestsellers,The Hobbit: Or There and Back Again: The Classic Fantasy Novel and Prelude to The Lord of the Rings,J.R.R. Tolkien,,"₹1,339.00",4.6 out of 5 stars,73506,Paperback
Amazon Bestsellers,The Hobbit,J.R.R. Tolkien,,₹655.00,4.6 out of 5 stars,73506,Hardcover
Amazon Bestsellers,The Hobbit: Or There and Back Again: The Classic Fantasy Novel and Prelude to The Lord of the Rings,J.R.R. Tolkien,,"₹1,339.00",4.6 out of 5 stars,73506,Paperback
Amazon Bestsellers,The Hobbit: Or There and Back Again: The Classic Fantasy Novel and Prelude to The Lord of the Rings,J.R.R. Tolkien,,"₹1,339.00",4.6 out of 5 stars,73506,Paperback
Amazon Bestsellers,The Hobbit: Or There and Back Again: The Classic Fantasy Novel and Prelude to The Lord of the Rings,J.R.R. Tolkien,,"₹1,339.00",4.6 out of 5 stars,73506,Paperback
Amazon Bestsellers,Wild: A Journey from Lost to Found,Cheryl Strayed,,₹361.00,4.4 out of 5 stars,72731,Paperback
Amazon Bestsellers,Wild: A Journey from Lost to Found,Cheryl Strayed,,₹361.00,4.4 out of 5 stars,72731,Paperback
Amazon Bestsellers,Wild: A Journey from Lost to Found,Cheryl Strayed,,₹361.00,4.4 out of 5 stars,72731,Paperback
Amazon Bestsellers,Wild: A Journey from Lost to Found,Cheryl Strayed,,₹361.00,4.4 out of 5 stars,72731,Paperback
Amazon Bestsellers,Wild: A Journey from Lost to Found,Cheryl Strayed,,₹361.00,4.4 out of 5 stars,72731,Paperback
Amazon Bestsellers,Wild: A Journey from Lost to Found,Cheryl Strayed,,₹361.00,4.4 out of 5 stars,72731,Paperback
Amazon Bestsellers,Wild: A Journey from Lost to Found,Cheryl Strayed,,₹361.00,4.4 out of 5 stars,72731,Paperback
Amazon Bestsellers,Wild: A Journey from Lost to Found,Cheryl Strayed,,₹361.00,4.4 out of 5 stars,72731,Paperback
Amazon Bestsellers,Wild: A Journey from Lost to Found,Cheryl Strayed,,₹361.00,4.4 out of 5 stars,72731,Paperback
Amazon Bestsellers,Wild: A Journey from Lost to Found,Cheryl Strayed,,₹361.00,4.4 out of 5 stars,72731,Paperback
Amazon Bestsellers,Wild: A Journey from Lost to Found,Cheryl Strayed,,₹361.00,4.4 out of 5 stars,72731,Paperback
Amazon Bestsellers,Wild: A Journey from Lost to Found,Cheryl Strayed,,₹361.00,4.4 out of 5 stars,72731,Paperback
Amazon Bestsellers,Wild: A Journey from Lost to Found,Cheryl Strayed,,₹361.00,4.4 out of 5 stars,72731,Paperback
Amazon Bestsellers,Wild: A Journey from Lost to Found,Cheryl Strayed,,₹361.00,4.4 out of 5 stars,72731,Paperback
Amazon Bestsellers,Wild: A Journey from Lost to Found,Cheryl Strayed,,₹361.00,4.4 out of 5 stars,72731,Paperback
Amazon Bestsellers,A Good Girl's Guide to Murder,Holly Jackson,,₹995.00,4.6 out of 5 stars,70868,Hardcover
Amazon Bestsellers,A Good Girl'S Guide To Murder (1) - A Good Girl'S Guide To,Holly Jackson,,₹739.00,4.6 out of 5 stars,70868,Hardcover
Amazon Bestsellers,A Good Girl'S Guide To Murder (1) - A Good Girl'S Guide To,Holly Jackson,,₹739.00,4.6 out of 5 stars,70868,Hardcover
Amazon Bestsellers,A Good Girl'S Guide To Murder (1) - A Good Girl'S Guide To,Holly Jackson,,₹739.00,4.6 out of 5 stars,70868,Hardcover
Amazon Bestsellers,A Good Girl'S Guide To Murder (1) - A Good Girl'S Guide To,Holly Jackson,,₹739.00,4.6 out of 5 stars,70868,Hardcover
Amazon Bestsellers,The Book Thief (Anniversary Edition),Markus Zusak,,"₹1,010.00",4.6 out of 5 stars,70207,Hardcover
Amazon Bestsellers,The Book Thief (Anniversary Edition),Markus Zusak,,"₹1,010.00",4.6 out of 5 stars,70207,Hardcover
Amazon Bestsellers,The Book Thief (Anniversary Edition),Markus Zusak,,"₹1,010.00",4.6 out of 5 stars,70207,Hardcover
Amazon Bestsellers,The Book Thief (Anniversary Edition),Markus Zusak,,"₹1,010.00",4.6 out of 5 stars,70207,Hardcover
Amazon Bestsellers,Binding 13,Chloe Walsh,,₹511.00,4.6 out of 5 stars,68678,Paperback
Amazon Bestsellers,Binding 13,Chloe Walsh,,₹511.00,4.6 out of 5 stars,68678,Paperback
Amazon Bestsellers,Binding 13,Chloe Walsh,,₹511.00,4.6 out of 5 stars,68678,Paperback
Amazon Bestsellers,Binding 13,Chloe Walsh,,₹511.00,4.6 out of 5 stars,68678,Paperback
Amazon Bestsellers,Binding 13,Chloe Walsh,,₹511.00,4.6 out of 5 stars,68678,Paperback
Amazon Bestsellers,Binding 13,Chloe Walsh,,₹511.00,4.6 out of 5 stars,68678,Paperback
Amazon Bestsellers,Binding 13,Chloe Walsh,,₹511.00,4.6 out of 5 stars,68678,Paperback
Amazon Bestsellers,Binding 13,Chloe Walsh,,₹511.00,4.6 out of 5 stars,68678,Paperback
Amazon Bestsellers,Binding 13,Chloe Walsh,,₹511.00,4.6 out of 5 stars,68678,Paperback
Amazon Bestsellers,Binding 13,Chloe Walsh,,₹511.00,4.6 out of 5 stars,68678,Paperback
Amazon Bestsellers,Binding 13,Chloe Walsh,,₹511.00,4.6 out of 5 stars,68678,Paperback
Amazon Bestsellers,Binding 13,Chloe Walsh,,₹511.00,4.6 out of 5 stars,68678,Paperback
Amazon Bestsellers,Binding 13,Chloe Walsh,,₹511.00,4.6 out of 5 stars,68678,Paperback
Amazon Bestsellers,Binding 13,Chloe Walsh,,₹511.00,4.6 out of 5 stars,68678,Paperback
Amazon Bestsellers,Binding 13,Chloe Walsh,,₹511.00,4.6 out of 5 stars,68678,Paperback
Amazon Bestsellers,Binding 13,Chloe Walsh,,₹511.00,4.6 out of 5 stars,68678,Paperback
Amazon Bestsellers,The Friend Zone: the most hilarious and heartbreaking romantic comedy,Abby Jimenez,,₹432.00,4.3 out of 5 stars,66833,Paperback
Amazon Bestsellers,"The Cruel Prince: Collector's Edition: Collector Edition, the (Folk of the Air, 1)",Holly Black,,"₹2,974.00",4.5 out of 5 stars,64978,Hardcover
Amazon Bestsellers,The Cruel Prince (The Folk of the Air),Holly Black,,₹301.00,4.5 out of 5 stars,64978,Paperback
Amazon Bestsellers,The Cruel Prince (The Folk of the Air),Holly Black,,₹301.00,4.5 out of 5 stars,64978,Paperback
Amazon Bestsellers,The Cruel Prince (The Folk of the Air),Holly Black,,₹285.95,4.5 out of 5 stars,64978,Kindle Edition
Amazon Bestsellers,The Cruel Prince (The Folk of the Air),Holly Black,,₹285.95,4.5 out of 5 stars,64978,Kindle Edition
Amazon Bestsellers,The Cruel Prince (The Folk of the Air),Holly Black,,₹285.95,4.5 out of 5 stars,64978,Kindle Edition
Amazon Bestsellers,"Allegiant: 3 (Divergent, 3)",Veronica Roth,,₹381.00,4.4 out of 5 stars,63730,Paperback
Amazon Bestsellers,Allegiant,Veronica Roth,,₹260.00,4.4 out of 5 stars,63730,Paperback
Amazon Bestsellers,Allegiant,Veronica Roth,,₹260.00,4.4 out of 5 stars,63730,Paperback
Amazon Bestsellers,Allegiant,Veronica Roth,,₹260.00,4.4 out of 5 stars,63730,Paperback
Amazon Bestsellers,The Summer I Turned Pretty: Now a major TV series on Amazon Prime,Jenny Han,,₹342.00,4.4 out of 5 stars,62090,Paperback
Amazon Bestsellers,The Summer I Turned Pretty: Now a major TV series on Amazon Prime,Jenny Han,,₹342.00,4.4 out of 5 stars,62090,Paperback
Amazon Bestsellers,The Summer I Turned Pretty: Now a major TV series on Amazon Prime,Jenny Han,,₹342.00,4.4 out of 5 stars,62090,Paperback
Amazon Bestsellers,"Summer I Turned Pretty, The",Jenny Han,,₹342.00,4.4 out of 5 stars,62090,Paperback
Amazon Bestsellers,The Summer I Turned Pretty,Jenny Han,,₹324.90,4.4 out of 5 stars,62090,Kindle Edition
Amazon Bestsellers,Shoe Dog: A Memoir by the Creator of Nike,Phil Knight,,"₹1,497.00",4.6 out of 5 stars,61559,Paperback
Amazon Bestsellers,Shoe Dog: A Memoir by the Creator of Nike,Phil Knight,,"₹1,497.00",4.6 out of 5 stars,61559,Paperback
Amazon Bestsellers,Shoe Dog: A Memoir by the Creator of Nike,Phil Knight,,"₹1,497.00",4.6 out of 5 stars,61559,Paperback
Amazon Bestsellers,Shoe Dog: A Memoir by the Creator of Nike,Phil Knight,,"₹1,497.00",4.6 out of 5 stars,61559,Paperback
Amazon Bestsellers,Shoe Dog: A Memoir by the Creator of Nike,Phil Knight,,"₹1,497.00",4.6 out of 5 stars,61559,Paperback
Amazon Bestsellers,Shoe Dog: A Memoir by the Creator of Nike,Phil Knight,,"₹1,497.00",4.6 out of 5 stars,61559,Paperback
Amazon Bestsellers,Shoe Dog: A Memoir by the Creator of Nike,Phil Knight,,"₹1,497.00",4.6 out of 5 stars,61559,Paperback
Amazon Bestsellers,Shoe Dog: A Memoir by the Creator of Nike,Phil Knight,,"₹1,497.00",4.6 out of 5 stars,61559,Paperback
Amazon Bestsellers,Shoe Dog: A Memoir by the Creator of Nike,Phil Knight,,"₹1,497.00",4.6 out of 5 stars,61559,Paperback
Amazon Bestsellers,Shoe Dog: A Memoir by the Creator of Nike,Phil Knight,,"₹1,497.00",4.6 out of 5 stars,61559,Paperback
Amazon Bestsellers,Shoe Dog: A Memoir by the Creator of Nike,Phil Knight,,"₹1,497.00",4.6 out of 5 stars,61559,Paperback
Amazon Bestsellers,Shoe Dog: A Memoir by the Creator of Nike,Phil Knight,,"₹1,497.00",4.6 out of 5 stars,61559,Paperback
Amazon Bestsellers,Shoe Dog: A Memoir by the Creator of Nike,Phil Knight,,"₹1,497.00",4.6 out of 5 stars,61559,Paperback
Amazon Bestsellers,Shoe Dog: A Memoir by the Creator of Nike,Phil Knight,,"₹1,497.00",4.6 out of 5 stars,61559,Paperback
Amazon Bestsellers,Shoe Dog: A Memoir by the Creator of Nike,Phil Knight,,"₹1,497.00",4.6 out of 5 stars,61559,Paperback
Amazon Bestsellers,Shoe Dog: A Memoir by the Creator of Nike,Phil Knight,,"₹1,497.00",4.6 out of 5 stars,61559,Paperback
Amazon Bestsellers,Shoe Dog: A Memoir by the Creator of Nike,Phil Knight,,"₹1,497.00",4.6 out of 5 stars,61559,Paperback
Amazon Bestsellers,Shoe Dog: A Memoir by the Creator of Nike,Phil Knight,,"₹1,497.00",4.6 out of 5 stars,61559,Paperback
Amazon Bestsellers,"The Crimson Moth: the NEW YORK TIMES bestselling romantasy and TikTok sensation, also known as HEARTLESS HUNTER: Book 1",Kristen Ciccarelli,,₹464.00,4.4 out of 5 stars,59509,Paperback
Amazon Bestsellers,"The Crimson Moth: the NEW YORK TIMES bestselling romantasy and TikTok sensation, also known as HEARTLESS HUNTER: Book 1",Kristen Ciccarelli,,₹464.00,4.4 out of 5 stars,59509,Paperback
Amazon Bestsellers,Insurgent - Divergent Trilogy (2) Â10Th Anniversary Editionã,Veronica Roth,,₹340.00,4.4 out of 5 stars,58529,Paperback
Amazon Bestsellers,Insurgent - Divergent Trilogy (2) Â10Th Anniversary Editionã,Veronica Roth,,₹340.00,4.4 out of 5 stars,58529,Paperback
Amazon Bestsellers,Insurgent - Divergent Trilogy (2) Â10Th Anniversary Editionã,Veronica Roth,,₹340.00,4.4 out of 5 stars,58529,Paperback
Amazon Bestsellers,Insurgent - Divergent Trilogy (2) Â10Th Anniversary Editionã,Veronica Roth,,₹340.00,4.4 out of 5 stars,58529,Paperback
Amazon Bestsellers,If He Had Been with Me,Laura Nowlin,,₹354.35,4.2 out of 5 stars,57739,Kindle Edition
Amazon Bestsellers,If He Had Been with Me,Laura Nowlin,,₹354.35,4.2 out of 5 stars,57739,Kindle Edition
Amazon Bestsellers,Powerless,Lauren Roberts,,₹357.00,4.5 out of 5 stars,56527,Paperback
Amazon Bestsellers,Powerless,Lauren Roberts,,₹357.00,4.5 out of 5 stars,56527,Paperback
Amazon Bestsellers,Powerless,Lauren Roberts,,₹357.00,4.5 out of 5 stars,56527,Paperback
Amazon Bestsellers,Powerless,Lauren Roberts,,₹357.00,4.5 out of 5 stars,56527,Paperback
Amazon Bestsellers,Powerless,Lauren Roberts,,₹357.00,4.5 out of 5 stars,56527,Paperback
Amazon Bestsellers,Powerless: TikTok Made Me Buy It! The epic romantasy series taking the world by storm! (The Powerless Trilogy),Lauren Roberts,,₹306.45,4.5 out of 5 stars,56527,Kindle Edition
Amazon Bestsellers,That's Not My Name,Megan Lally,,₹765.00,4.3 out of 5 stars,54521,Paperback
Amazon Bestsellers,That's Not My Name,Megan Lally,,₹331.55,4.3 out of 5 stars,54521,Kindle Edition
Amazon Bestsellers,The Queen of Nothing (The Folk of the Air #3),Holly Black,,₹291.65,4.6 out of 5 stars,53794,Kindle Edition
Amazon Bestsellers,The Queen of Nothing (The Folk of the Air #3),Holly Black,,₹291.65,4.6 out of 5 stars,53794,Kindle Edition
Amazon Bestsellers,The Diary of a Young Girl,Anne Frank,,₹100.00,4.5 out of 5 stars,51928,Paperback
Amazon Bestsellers,The Diary of a Young Girl,Anne Frank,,₹100.00,4.5 out of 5 stars,51928,Paperback
Amazon Bestsellers,The Diary of a Young Girl: The Definitive Edition of the World’s Most Famous Diary,Anne Frank,,₹322.25,4.5 out of 5 stars,51928,Paperback
Amazon Bestsellers,The Diary of a Young Girl: The Definitive Edition of the World’s Most Famous Diary,Anne Frank,,₹79.80,4.5 out of 5 stars,51928,Kindle Edition
Amazon Bestsellers,The Diary of a Young Girl,Anne Frank,,₹100.00,4.5 out of 5 stars,51928,Paperback
Amazon Bestsellers,The Diary of a Young Girl: The Definitive Edition of the World’s Most Famous Diary,Anne Frank,,₹79.80,4.5 out of 5 stars,51928,Kindle Edition
Amazon Bestsellers,The Diary of a Young Girl: The Definitive Edition of the World’s Most Famous Diary,Anne Frank,,₹322.25,4.5 out of 5 stars,51928,Paperback
Amazon Bestsellers,The Diary of a Young Girl: The Definitive Edition of the World’s Most Famous Diary,Anne Frank,,₹79.80,4.5 out of 5 stars,51928,Kindle Edition
Amazon Bestsellers,The Wicked King: Discovering God's Dangerous Plan for Your Life,Holly Black,,"₹1,746.00",4.6 out of 5 stars,51291,Hardcover
Amazon Bestsellers,The Wicked King (The Folk of the Air #2),Holly Black,,₹284.05,4.6 out of 5 stars,51291,Kindle Edition
Amazon Bestsellers,The Wicked King (The Folk of the Air #2),Holly Black,,₹284.05,4.6 out of 5 stars,51291,Kindle Edition
Amazon Bestsellers,Lord of The Flies,William Golding,,₹271.56,4.3 out of 5 stars,50733,Paperback
Amazon Bestsellers,Lord of The Flies,William Golding,,₹271.56,4.3 out of 5 stars,50733,Paperback
Amazon Bestsellers,Lord of the Flies,William Golding,,₹177.65,4.3 out of 5 stars,50733,Kindle Edition
Amazon Bestsellers,Lord of The Flies,William Golding,,₹271.56,4.3 out of 5 stars,50733,Paperback
Amazon Bestsellers,Lord of The Flies,William Golding,,₹271.56,4.3 out of 5 stars,50733,Paperback
Amazon Bestsellers,Lord of The Flies,William Golding,,₹271.56,4.3 out of 5 stars,50733,Paperback
Amazon Bestsellers,MR MERCEDES,Stephen King,,₹414.00,4.3 out of 5 stars,50145,Paperback
